{"f1":{"0":0.2352941185,"1":0.5128205419,"2":0.5952380896,"3":0.2857142985,"4":0.5086705089,"5":0.0,"6":0.0,"7":0.0,"8":0.0,"9":0.0,"10":0.6511628032,"11":0.0,"12":0.0,"13":0.3414634168,"14":0.7133758068,"15":0.1818181872,"16":0.0,"17":0.0,"18":0.5981308222,"19":0.0579710156},"recall":{"0":0.1333333403,"1":0.440251559,"2":0.5376344323,"3":0.1739130467,"4":0.4271844625,"5":0.0,"6":0.0,"7":0.0,"8":0.0,"9":0.0,"10":0.5090909004,"11":0.0,"12":0.0,"13":0.21875,"14":0.6021505594,"15":0.1000000015,"16":0.0,"17":0.0,"18":0.4571428597,"19":0.0303030312},"precision":{"0":1.0,"1":0.6140350699,"2":0.6666666865,"3":0.8000000119,"4":0.6285714507,"5":0.0,"6":0.0,"7":0.0,"8":0.0,"9":0.0,"10":0.9032257795,"11":0.0,"12":0.0,"13":0.777777791,"14":0.875,"15":1.0,"16":0.0,"17":0.0,"18":0.8648648858,"19":0.6666666865},"accuracy":{"0":0.3606674373,"1":0.5623700023,"2":0.7298603058,"3":0.6702785492,"4":0.62079072,"5":0.0418176651,"6":0.3887454569,"7":0.308671087,"8":0.6729056835,"9":0.1036913544,"10":0.7060254812,"11":0.1851089895,"12":0.1602197737,"13":0.5829418302,"14":0.8529133797,"15":0.5361950994,"16":0.5831599832,"17":0.3465878665,"18":0.7702190876,"19":0.6014338732},"auroc":{"0":0.9468903542,"1":0.838450551,"2":0.9487594366,"3":0.9830983281,"4":0.897821784,"5":0.709202528,"6":0.8006000519,"7":0.9522842765,"8":0.9223638177,"9":0.8419104218,"10":0.9385170937,"11":0.8494976163,"12":0.8713457584,"13":0.8416917324,"14":0.961067915,"15":0.983799994,"16":0.9040263891,"17":0.9661366343,"18":0.953343749,"19":0.9018644691}}