{"f1":{"0":0.2857142985,"1":0.1758241802,"2":0.5507246256,"3":0.2758620679,"4":0.5393258333,"5":0.0,"6":0.0,"7":0.0,"8":0.0,"9":0.0,"10":0.6306306124,"11":0.0,"12":0.0,"13":0.226666674,"14":0.8222222328,"15":0.3333333433,"16":0.0,"17":0.0,"18":0.6428571343,"19":0.1917808205},"recall":{"0":0.200000003,"1":0.1006289274,"2":0.4086021483,"3":0.1739130467,"4":0.4660194218,"5":0.0,"6":0.0,"7":0.0,"8":0.0,"9":0.0,"10":0.6363636255,"11":0.0,"12":0.0,"13":0.1328125,"14":0.7956989408,"15":0.200000003,"16":0.0,"17":0.0,"18":0.5142857432,"19":0.1060606092},"precision":{"0":0.5,"1":0.6956521869,"2":0.8444444537,"3":0.6666666865,"4":0.6399999857,"5":0.0,"6":0.0,"7":0.0,"8":0.0,"9":0.0,"10":0.625,"11":0.0,"12":0.0,"13":0.7727272511,"14":0.8505747318,"15":1.0,"16":0.0,"17":0.0,"18":0.8571428657,"19":1.0},"accuracy":{"0":0.3546284437,"1":0.5136364698,"2":0.7671222687,"3":0.5845806599,"4":0.6690359712,"5":0.0270121954,"6":0.1513687968,"7":0.3744673133,"8":0.3120113909,"9":0.0822869763,"10":0.7025657892,"11":0.2915809751,"12":0.132299155,"13":0.6247282624,"14":0.8845281005,"15":0.5301923156,"16":0.566973269,"17":0.3750088215,"18":0.7801749706,"19":0.6644967198},"auroc":{"0":0.9419239163,"1":0.8063604832,"2":0.9556189775,"3":0.9769334793,"4":0.9101461768,"5":0.7243674994,"6":0.834133327,"7":0.9605644345,"8":0.9038674235,"9":0.8100497723,"10":0.9253256321,"11":0.8513373137,"12":0.8843246698,"13":0.8563587666,"14":0.9675484896,"15":0.9670666456,"16":0.9117496014,"17":0.9495691061,"18":0.9545859098,"19":0.8919963241}}