{"f1":{"0":0.3000000119,"1":0.1988950223,"2":0.6315789223,"3":0.2758620679,"4":0.6021505594,"5":0.0,"6":0.0,"7":0.0,"8":0.0,"9":0.0,"10":0.637168169,"11":0.0,"12":0.0,"13":0.2763157785,"14":0.7771428823,"15":0.3076923192,"16":0.0,"17":0.0,"18":0.637168169,"19":0.436781615},"recall":{"0":0.200000003,"1":0.1132075489,"2":0.5161290169,"3":0.1739130467,"4":0.5436893106,"5":0.0,"6":0.0,"7":0.0,"8":0.0,"9":0.0,"10":0.6545454264,"11":0.0,"12":0.0,"13":0.1640625,"14":0.7311828136,"15":0.200000003,"16":0.0,"17":0.0,"18":0.5142857432,"19":0.2878787816},"precision":{"0":0.6000000238,"1":0.8181818128,"2":0.8135592937,"3":0.6666666865,"4":0.67469877,"5":0.0,"6":0.0,"7":0.0,"8":0.0,"9":0.0,"10":0.6206896305,"11":0.0,"12":0.0,"13":0.875,"14":0.8292682767,"15":0.6666666865,"16":0.0,"17":0.0,"18":0.8372092843,"19":0.9047619104},"accuracy":{"0":0.3576353788,"1":0.5749037266,"2":0.7870825529,"3":0.572122097,"4":0.6921511889,"5":0.0663938895,"6":0.1419288516,"7":0.3889841139,"8":0.7520411611,"9":0.0927063525,"10":0.6811566353,"11":0.240514338,"12":0.1268859804,"13":0.6376351714,"14":0.8704484701,"15":0.5159188509,"16":0.5312296152,"17":0.3701270521,"18":0.7675009966,"19":0.6930726767},"auroc":{"0":0.9460402727,"1":0.8293515444,"2":0.9570375681,"3":0.9794408083,"4":0.9084985256,"5":0.784879446,"6":0.8463333845,"7":0.9580513835,"8":0.9598654509,"9":0.794878006,"10":0.9323533177,"11":0.8271380663,"12":0.8904149532,"13":0.8599065542,"14":0.9702891111,"15":0.9809999466,"16":0.9030480981,"17":0.9527854919,"18":0.9497308731,"19":0.9130206704}}