{"f1":{"0":0.2352941185,"1":0.5182482004,"2":0.5988023877,"3":0.2857142985,"4":0.5086705089,"5":0.0,"6":0.0,"7":0.0,"8":0.0,"9":0.0,"10":0.6511628032,"11":0.0,"12":0.0,"13":0.3333333433,"14":0.7133758068,"15":0.1818181872,"16":0.0,"17":0.0,"18":0.592592597,"19":0.0579710156},"recall":{"0":0.1333333403,"1":0.4465408921,"2":0.5376344323,"3":0.1739130467,"4":0.4271844625,"5":0.0,"6":0.0,"7":0.0,"8":0.0,"9":0.0,"10":0.5090909004,"11":0.0,"12":0.0,"13":0.2109375,"14":0.6021505594,"15":0.1000000015,"16":0.0,"17":0.0,"18":0.4571428597,"19":0.0303030312},"precision":{"0":1.0,"1":0.6173912883,"2":0.6756756902,"3":0.8000000119,"4":0.6285714507,"5":0.0,"6":0.0,"7":0.0,"8":0.0,"9":0.0,"10":0.9032257795,"11":0.0,"12":0.0,"13":0.7941176295,"14":0.875,"15":1.0,"16":0.0,"17":0.0,"18":0.8421052694,"19":0.6666666865},"accuracy":{"0":0.361343205,"1":0.5606478453,"2":0.7323056459,"3":0.6667346954,"4":0.6193166375,"5":0.0415068343,"6":0.4147936404,"7":0.2914745808,"8":0.6813159585,"9":0.1181009188,"10":0.7057561874,"11":0.1788610518,"12":0.1578992605,"13":0.5779796839,"14":0.8535422087,"15":0.5366152525,"16":0.5829630494,"17":0.3464473784,"18":0.7661298513,"19":0.6016771197},"auroc":{"0":0.9477852583,"1":0.8374669552,"2":0.9492430687,"3":0.9828623533,"4":0.9003118277,"5":0.7090545893,"6":0.8044666648,"7":0.9509633183,"8":0.9265896678,"9":0.8435490131,"10":0.9380528331,"11":0.8451578021,"12":0.8713877201,"13":0.8387806416,"14":0.9618256092,"15":0.9840666056,"16":0.9039233923,"17":0.9658938646,"18":0.9516977072,"19":0.9025521874}}