{"f1":{"0":0.2727272809,"1":0.1758241802,"2":0.5611510873,"3":0.2758620679,"4":0.5363128781,"5":0.0,"6":0.0,"7":0.0,"8":0.0,"9":0.0,"10":0.6306306124,"11":0.0,"12":0.0,"13":0.2027027011,"14":0.8222222328,"15":0.3333333433,"16":0.0,"17":0.0,"18":0.6428571343,"19":0.1917808205},"recall":{"0":0.200000003,"1":0.1006289274,"2":0.4193548262,"3":0.1739130467,"4":0.4660194218,"5":0.0,"6":0.0,"7":0.0,"8":0.0,"9":0.0,"10":0.6363636255,"11":0.0,"12":0.0,"13":0.1171875,"14":0.7956989408,"15":0.200000003,"16":0.0,"17":0.0,"18":0.5142857432,"19":0.1060606092},"precision":{"0":0.4285714328,"1":0.6956521869,"2":0.8478260636,"3":0.6666666865,"4":0.6315789223,"5":0.0,"6":0.0,"7":0.0,"8":0.0,"9":0.0,"10":0.625,"11":0.0,"12":0.0,"13":0.75,"14":0.8505747318,"15":1.0,"16":0.0,"17":0.0,"18":0.8571428657,"19":1.0},"accuracy":{"0":0.3484420776,"1":0.5127261281,"2":0.767983079,"3":0.5735326409,"4":0.6686410904,"5":0.0270786807,"6":0.1515153944,"7":0.3901127577,"8":0.4117728472,"9":0.0825368017,"10":0.7042669058,"11":0.2924135327,"12":0.1312811375,"13":0.6188281178,"14":0.8858697414,"15":0.5302708149,"16":0.5659107566,"17":0.3749535382,"18":0.776565969,"19":0.6647344232},"auroc":{"0":0.9420582056,"1":0.8060308695,"2":0.9558285475,"3":0.976137042,"4":0.9101904631,"5":0.7256990671,"6":0.834133327,"7":0.9608222246,"8":0.9335147738,"9":0.8098677397,"10":0.9252353907,"11":0.8515496254,"12":0.8839465976,"13":0.8559941649,"14":0.9681288004,"15":0.9674666524,"16":0.9115436077,"17":0.9495084286,"18":0.9535300136,"19":0.8923238516}}