{"f1":{"0":0.3000000119,"1":0.1685393304,"2":0.6266666651,"3":0.3448275924,"4":0.6326530576,"5":0.0,"6":0.0,"7":0.0,"8":0.1212121248,"9":0.0,"10":0.6355140209,"11":0.0,"12":0.0,"13":0.3057324886,"14":0.8111110926,"15":0.3333333433,"16":0.0,"17":0.0,"18":0.6181818247,"19":0.4186046422},"recall":{"0":0.200000003,"1":0.094339624,"2":0.505376339,"3":0.2173912972,"4":0.6019417644,"5":0.0,"6":0.0,"7":0.0,"8":0.0645161271,"9":0.0,"10":0.6181818247,"11":0.0,"12":0.0,"13":0.1875,"14":0.7849462628,"15":0.200000003,"16":0.0,"17":0.0,"18":0.4857142866,"19":0.2727272809},"precision":{"0":0.6000000238,"1":0.7894737124,"2":0.8245614171,"3":0.8333333135,"4":0.6666666865,"5":0.0,"6":0.0,"7":0.0,"8":1.0,"9":0.0,"10":0.6538461447,"11":0.0,"12":0.0,"13":0.8275862336,"14":0.8390804529,"15":1.0,"16":0.0,"17":0.0,"18":0.8500000238,"19":0.8999999762},"accuracy":{"0":0.3465588391,"1":0.5854717493,"2":0.7814608216,"3":0.59779495,"4":0.6847637296,"5":0.0533790588,"6":0.1937781423,"7":0.4459262788,"8":0.8630026579,"9":0.0988056958,"10":0.6847102046,"11":0.3360429406,"12":0.1340717673,"13":0.6493498087,"14":0.8855006695,"15":0.4653100967,"16":0.5413660407,"17":0.3651351333,"18":0.7698298097,"19":0.6941806078},"auroc":{"0":0.935436368,"1":0.8299741149,"2":0.9576017857,"3":0.9822134376,"4":0.9087423086,"5":0.7669034004,"6":0.8540666699,"7":0.9597590566,"8":0.9824107289,"9":0.8357203007,"10":0.9172792435,"11":0.8571394682,"12":0.8894069195,"13":0.8621068597,"14":0.9684996009,"15":0.9747999907,"16":0.9073216319,"17":0.9418618679,"18":0.9439130425,"19":0.9031634927}}