{"f1":{"0":0.3000000119,"1":0.1988950223,"2":0.6274510026,"3":0.2758620679,"4":0.5989304781,"5":0.0,"6":0.0,"7":0.0,"8":0.0,"9":0.0,"10":0.637168169,"11":0.0,"12":0.0,"13":0.2416107357,"14":0.7771428823,"15":0.3076923192,"16":0.0,"17":0.0,"18":0.6315789223,"19":0.436781615},"recall":{"0":0.200000003,"1":0.1132075489,"2":0.5161290169,"3":0.1739130467,"4":0.5436893106,"5":0.0,"6":0.0,"7":0.0,"8":0.0,"9":0.0,"10":0.6545454264,"11":0.0,"12":0.0,"13":0.140625,"14":0.7311828136,"15":0.200000003,"16":0.0,"17":0.0,"18":0.5142857432,"19":0.2878787816},"precision":{"0":0.6000000238,"1":0.8181818128,"2":0.8000000119,"3":0.6666666865,"4":0.6666666865,"5":0.0,"6":0.0,"7":0.0,"8":0.0,"9":0.0,"10":0.6206896305,"11":0.0,"12":0.0,"13":0.8571428657,"14":0.8292682767,"15":0.6666666865,"16":0.0,"17":0.0,"18":0.8181818128,"19":0.9047619104},"accuracy":{"0":0.3577955365,"1":0.5757091045,"2":0.7902524471,"3":0.5751768947,"4":0.6886983514,"5":0.0654082149,"6":0.1426738501,"7":0.3858248293,"8":0.7548575401,"9":0.0906050578,"10":0.682998538,"11":0.2446026951,"12":0.126496166,"13":0.6349261403,"14":0.8683409691,"15":0.5159189105,"16":0.5270815492,"17":0.3686605692,"18":0.7661886215,"19":0.6933139563},"auroc":{"0":0.9459061027,"1":0.8304189444,"2":0.9571101665,"3":0.9795292616,"4":0.9076192379,"5":0.7863589525,"6":0.8484666348,"7":0.9576003551,"8":0.9606177807,"9":0.7936643362,"10":0.9320825338,"11":0.8283645511,"12":0.890288949,"13":0.8609819412,"14":0.9702729583,"15":0.9809999466,"16":0.902584672,"17":0.9520572424,"18":0.9488406181,"19":0.9134137034}}