{"f1":{"0":0.2352941185,"1":0.5182482004,"2":0.5988023877,"3":0.2857142985,"4":0.5086705089,"5":0.0,"6":0.0,"7":0.0,"8":0.0,"9":0.0,"10":0.6511628032,"11":0.0,"12":0.0,"13":0.3414634168,"14":0.7215189934,"15":0.1818181872,"16":0.0,"17":0.0,"18":0.592592597,"19":0.0579710156},"recall":{"0":0.1333333403,"1":0.4465408921,"2":0.5376344323,"3":0.1739130467,"4":0.4271844625,"5":0.0,"6":0.0,"7":0.0,"8":0.0,"9":0.0,"10":0.5090909004,"11":0.0,"12":0.0,"13":0.21875,"14":0.6129032373,"15":0.1000000015,"16":0.0,"17":0.0,"18":0.4571428597,"19":0.0303030312},"precision":{"0":1.0,"1":0.6173912883,"2":0.6756756902,"3":0.8000000119,"4":0.6285714507,"5":0.0,"6":0.0,"7":0.0,"8":0.0,"9":0.0,"10":0.9032257795,"11":0.0,"12":0.0,"13":0.777777791,"14":0.8769230843,"15":1.0,"16":0.0,"17":0.0,"18":0.8421052694,"19":0.6666666865},"accuracy":{"0":0.3599378765,"1":0.5588943958,"2":0.735199213,"3":0.6695542336,"4":0.6198687553,"5":0.0415949337,"6":0.4150339663,"7":0.2982773781,"8":0.6420764923,"9":0.1216297969,"10":0.7042713165,"11":0.1852036268,"12":0.1585767716,"13":0.5809440613,"14":0.8536912203,"15":0.5383068919,"16":0.5829534531,"17":0.3473648429,"18":0.7665337324,"19":0.6015655994},"auroc":{"0":0.946308732,"1":0.8358657956,"2":0.9490899444,"3":0.9831867814,"4":0.8978809118,"5":0.7075011134,"6":0.8048666716,"7":0.9516077042,"8":0.9099739194,"9":0.8465226889,"10":0.9381817579,"11":0.8495212197,"12":0.8714718223,"13":0.8396459818,"14":0.9614386559,"15":0.9840000272,"16":0.9040778875,"17":0.9661973715,"18":0.9530434608,"19":0.902148366}}