{"f1":{"0":0.2352941185,"1":0.6111111045,"2":0.6808510423,"3":0.375,"4":0.5816326737,"5":0.0,"6":0.0,"7":0.0,"8":0.0,"9":0.0,"10":0.6545454264,"11":0.0,"12":0.0,"13":0.5520833135,"14":0.7820512652,"15":0.3333333433,"16":0.0,"17":0.1538461596,"18":0.6722689271,"19":0.3855421543},"recall":{"0":0.1333333403,"1":0.6226415038,"2":0.6881720424,"3":0.2608695626,"4":0.5533980727,"5":0.0,"6":0.0,"7":0.0,"8":0.0,"9":0.0,"10":0.6545454264,"11":0.0,"12":0.0,"13":0.4140625,"14":0.655913949,"15":0.200000003,"16":0.0,"17":0.0909090936,"18":0.571428597,"19":0.2424242496},"precision":{"0":1.0,"1":0.6000000238,"2":0.6736842394,"3":0.6666666865,"4":0.6129032373,"5":0.0,"6":0.0,"7":0.0,"8":0.0,"9":0.0,"10":0.6545454264,"11":0.0,"12":0.0,"13":0.828125,"14":0.9682539701,"15":1.0,"16":0.0,"17":0.5,"18":0.8163265586,"19":0.9411764741},"accuracy":{"0":0.3871766329,"1":0.6110395193,"2":0.7885378003,"3":0.6717080474,"4":0.6707257628,"5":0.0755581111,"6":0.493786931,"7":0.3293437958,"8":0.6137312055,"9":0.1075373366,"10":0.6729519963,"11":0.3090419173,"12":0.1622312069,"13":0.6405231953,"14":0.9086533785,"15":0.6013092995,"16":0.6107990146,"17":0.2643796504,"18":0.789648056,"19":0.7207334042},"auroc":{"0":0.9561969042,"1":0.8609340787,"2":0.9591736794,"3":0.981741488,"4":0.9108554125,"5":0.7205947638,"6":0.765599966,"7":0.9592112303,"8":0.9041771889,"9":0.8313509226,"10":0.9229013324,"11":0.8201329708,"12":0.8920111656,"13":0.8593007922,"14":0.9753107429,"15":0.9894666672,"16":0.9122644663,"17":0.9593396783,"18":0.9601759911,"19":0.9232490063}}