{"f1":{"0":0.3000000119,"1":0.1685393304,"2":0.6266666651,"3":0.3448275924,"4":0.6294416189,"5":0.0,"6":0.0,"7":0.0,"8":0.0,"9":0.0,"10":0.629629612,"11":0.0,"12":0.0,"13":0.3057324886,"14":0.8111110926,"15":0.3333333433,"16":0.0,"17":0.0,"18":0.6181818247,"19":0.4186046422},"recall":{"0":0.200000003,"1":0.094339624,"2":0.505376339,"3":0.2173912972,"4":0.6019417644,"5":0.0,"6":0.0,"7":0.0,"8":0.0,"9":0.0,"10":0.6181818247,"11":0.0,"12":0.0,"13":0.1875,"14":0.7849462628,"15":0.200000003,"16":0.0,"17":0.0,"18":0.4857142866,"19":0.2727272809},"precision":{"0":0.6000000238,"1":0.7894737124,"2":0.8245614171,"3":0.8333333135,"4":0.6595744491,"5":0.0,"6":0.0,"7":0.0,"8":0.0,"9":0.0,"10":0.6415094137,"11":0.0,"12":0.0,"13":0.8275862336,"14":0.8390804529,"15":1.0,"16":0.0,"17":0.0,"18":0.8500000238,"19":0.8999999762},"accuracy":{"0":0.3464173973,"1":0.5832921863,"2":0.7729604244,"3":0.6054768562,"4":0.6832786202,"5":0.0547317266,"6":0.1798296571,"7":0.436781913,"8":0.829215765,"9":0.1051546931,"10":0.6837005615,"11":0.3358278275,"12":0.1339559704,"13":0.6458479762,"14":0.8857741356,"15":0.4670451283,"16":0.5422900915,"17":0.3659181595,"18":0.769485116,"19":0.6941000223},"auroc":{"0":0.9354362488,"1":0.8275829554,"2":0.9563444257,"3":0.9820069671,"4":0.9080328941,"5":0.7639443874,"6":0.8510667086,"7":0.9599844217,"8":0.9765254855,"9":0.8356596828,"10":0.9183493853,"11":0.8573989868,"12":0.8891968727,"13":0.8606791496,"14":0.9687172174,"15":0.9751332998,"16":0.9077849984,"17":0.9422867298,"18":0.9439544678,"19":0.9029451609}}