{"f1":{"0":0.2105263174,"1":0.619195044,"2":0.6767676473,"3":0.4242424369,"4":0.5757575631,"5":0.0,"6":0.0,"7":0.0,"8":0.3243243098,"9":0.0,"10":0.6796116233,"11":0.0,"12":0.0,"13":0.5595855117,"14":0.7852760553,"15":0.3076923192,"16":0.0,"17":0.1538461596,"18":0.72131145,"19":0.4047619104},"recall":{"0":0.1333333403,"1":0.6289308071,"2":0.7204301357,"3":0.3043478131,"4":0.5533980727,"5":0.0,"6":0.0,"7":0.0,"8":0.1935483813,"9":0.0,"10":0.6363636255,"11":0.0,"12":0.0,"13":0.421875,"14":0.6881720424,"15":0.200000003,"16":0.0,"17":0.0909090936,"18":0.6285714507,"19":0.2575757504},"precision":{"0":0.5,"1":0.6097561121,"2":0.6380952597,"3":0.6999999881,"4":0.6000000238,"5":0.0,"6":0.0,"7":0.0,"8":1.0,"9":0.0,"10":0.7291666865,"11":0.0,"12":0.0,"13":0.8307692409,"14":0.9142857194,"15":0.6666666865,"16":0.0,"17":0.5,"18":0.8461538553,"19":0.944444418},"accuracy":{"0":0.3636156917,"1":0.6237970591,"2":0.7951596975,"3":0.6659783125,"4":0.6676799059,"5":0.1118084341,"6":0.517472446,"7":0.2936615348,"8":0.7357453108,"9":0.1009367108,"10":0.7180437446,"11":0.2849355936,"12":0.1576456428,"13":0.6274522543,"14":0.8994939923,"15":0.592469573,"16":0.6115438938,"17":0.2543305755,"18":0.8077765703,"19":0.7083520889},"auroc":{"0":0.9551230669,"1":0.862754941,"2":0.9608340859,"3":0.9796472192,"4":0.9170619249,"5":0.73849684,"6":0.7646000385,"7":0.9543786049,"8":0.9588256478,"9":0.8338390589,"10":0.9323533177,"11":0.8395206928,"12":0.8843246698,"13":0.8576691151,"14":0.9725943208,"15":0.9900000095,"16":0.905262053,"17":0.960128665,"18":0.9689751267,"19":0.9218845963}}