{"f1":{"0":0.2105263174,"1":0.0,"2":0.4033613503,"3":0.1538461596,"4":0.3358778656,"5":0.0,"6":0.0,"7":0.0,"8":0.0,"9":0.0,"10":0.5,"11":0.0,"12":0.0,"13":0.116731517,"14":0.5675675869,"15":0.3333333433,"16":0.0,"17":0.0,"18":0.2891566157,"19":0.0},"recall":{"0":0.1333333403,"1":0.0,"2":0.2580645084,"3":0.0869565234,"4":0.2135922313,"5":0.0,"6":0.0,"7":0.0,"8":0.0,"9":0.0,"10":0.3636363745,"11":0.0,"12":0.0,"13":0.1171875,"14":0.4516128898,"15":0.200000003,"16":0.0,"17":0.0,"18":0.1714285761,"19":0.0},"precision":{"0":0.5,"1":0.0,"2":0.9230769277,"3":0.6666666865,"4":0.7857142687,"5":0.0,"6":0.0,"7":0.0,"8":0.0,"9":0.0,"10":0.8000000119,"11":0.0,"12":0.0,"13":0.1162790731,"14":0.7636363506,"15":1.0,"16":0.0,"17":0.0,"18":0.9230769277,"19":0.0},"accuracy":{"0":0.2243823707,"1":0.4026599228,"2":0.4808175266,"3":0.2356020808,"4":0.4499025345,"5":0.0124630118,"6":0.0176029317,"7":0.049237527,"8":0.0594058707,"9":0.0190472975,"10":0.4919281006,"11":0.0465516187,"12":0.0287682489,"13":0.2518597245,"14":0.6399002075,"15":0.2282631844,"16":0.0266246684,"17":0.2037474811,"18":0.4302964211,"19":0.3111883998},"auroc":{"0":0.8146756887,"1":0.7569198608,"2":0.7947881222,"3":0.7631703019,"4":0.7571263313,"5":0.4908270836,"6":0.5937333107,"7":0.7274308801,"8":0.6749192476,"9":0.6032892466,"10":0.8236234784,"11":0.6108542681,"12":0.6485215425,"13":0.6694768667,"14":0.9077396989,"15":0.8110000491,"16":0.6601791978,"17":0.7314600945,"18":0.8240062594,"19":0.8411929607}}