{"f1":{"0":0.3000000119,"1":0.1685393304,"2":0.6225165725,"3":0.3448275924,"4":0.6294416189,"5":0.0,"6":0.0,"7":0.0,"8":0.0625,"9":0.0,"10":0.629629612,"11":0.0,"12":0.0,"13":0.3057324886,"14":0.8111110926,"15":0.3333333433,"16":0.0,"17":0.0,"18":0.6126126051,"19":0.4186046422},"recall":{"0":0.200000003,"1":0.094339624,"2":0.505376339,"3":0.2173912972,"4":0.6019417644,"5":0.0,"6":0.0,"7":0.0,"8":0.0322580636,"9":0.0,"10":0.6181818247,"11":0.0,"12":0.0,"13":0.1875,"14":0.7849462628,"15":0.200000003,"16":0.0,"17":0.0,"18":0.4857142866,"19":0.2727272809},"precision":{"0":0.6000000238,"1":0.7894737124,"2":0.8103448153,"3":0.8333333135,"4":0.6595744491,"5":0.0,"6":0.0,"7":0.0,"8":1.0,"9":0.0,"10":0.6415094137,"11":0.0,"12":0.0,"13":0.8275862336,"14":0.8390804529,"15":1.0,"16":0.0,"17":0.0,"18":0.8292682767,"19":0.8999999762},"accuracy":{"0":0.3418361545,"1":0.5895272493,"2":0.7772360444,"3":0.6008217335,"4":0.6821810007,"5":0.0538423657,"6":0.1848621815,"7":0.4364073277,"8":0.8879102468,"9":0.0995427892,"10":0.684823513,"11":0.336530745,"12":0.1340597272,"13":0.6439125538,"14":0.8847224712,"15":0.4653101265,"16":0.5411022902,"17":0.364567399,"18":0.7675141096,"19":0.694122076},"auroc":{"0":0.9354362488,"1":0.8321717381,"2":0.9567393661,"3":0.9819774628,"4":0.9076561332,"5":0.7649800777,"6":0.8538666964,"7":0.9597911835,"8":0.9855303168,"9":0.8363878727,"10":0.9176531434,"11":0.8565262556,"12":0.8896589279,"13":0.8616680503,"14":0.9685399532,"15":0.9748000503,"16":0.9073216319,"17":0.9418011904,"18":0.9435093403,"19":0.9030979276}}