{"f1":{"0":0.3000000119,"1":0.1988950223,"2":0.6315789223,"3":0.2758620679,"4":0.6021505594,"5":0.0,"6":0.0,"7":0.0,"8":0.2285714298,"9":0.0,"10":0.637168169,"11":0.0,"12":0.0,"13":0.2297297269,"14":0.7771428823,"15":0.3076923192,"16":0.0,"17":0.0,"18":0.6434782743,"19":0.436781615},"recall":{"0":0.200000003,"1":0.1132075489,"2":0.5161290169,"3":0.1739130467,"4":0.5436893106,"5":0.0,"6":0.0,"7":0.0,"8":0.1290322542,"9":0.0,"10":0.6545454264,"11":0.0,"12":0.0,"13":0.1328125,"14":0.7311828136,"15":0.200000003,"16":0.0,"17":0.0,"18":0.5285714269,"19":0.2878787816},"precision":{"0":0.6000000238,"1":0.8181818128,"2":0.8135592937,"3":0.6666666865,"4":0.67469877,"5":0.0,"6":0.0,"7":0.0,"8":1.0,"9":0.0,"10":0.6206896305,"11":0.0,"12":0.0,"13":0.8500000238,"14":0.8292682767,"15":0.6666666865,"16":0.0,"17":0.0,"18":0.8222222328,"19":0.9047619104},"accuracy":{"0":0.3567233086,"1":0.5752855539,"2":0.7995319963,"3":0.556032896,"4":0.6911179423,"5":0.0656864643,"6":0.1459276378,"7":0.3937234879,"8":0.8302615881,"9":0.0913817286,"10":0.6811891794,"11":0.2471582443,"12":0.1270260364,"13":0.6342291236,"14":0.8720244765,"15":0.5159189105,"16":0.5273999572,"17":0.3687815368,"18":0.7643114328,"19":0.693459332},"auroc":{"0":0.9455480576,"1":0.8311462402,"2":0.9593751431,"3":0.9788213372,"4":0.9093555212,"5":0.7865068913,"6":0.8500666618,"7":0.9586958289,"8":0.9796672463,"9":0.7943925261,"10":0.9313217402,"11":0.8325864077,"12":0.8902469277,"13":0.8593811989,"14":0.9706517458,"15":0.9809999466,"16":0.9023271799,"17":0.952057302,"18":0.9466045499,"19":0.9136211276}}