{"f1":{"0":0.2105263174,"1":0.2099999934,"2":0.4566929042,"3":0.2068965584,"4":0.4133333266,"5":0.0,"6":0.0,"7":0.0,"8":0.0,"9":0.0,"10":0.5287356377,"11":0.0,"12":0.0,"13":0.1159420311,"14":0.5957446694,"15":0.1818181872,"16":0.0,"17":0.0,"18":0.224999994,"19":0.0},"recall":{"0":0.1333333403,"1":0.1320754737,"2":0.3118279576,"3":0.1304347813,"4":0.3009708822,"5":0.0,"6":0.0,"7":0.0,"8":0.0,"9":0.0,"10":0.4181818068,"11":0.0,"12":0.0,"13":0.0625,"14":0.4516128898,"15":0.1000000015,"16":0.0,"17":0.0,"18":0.1285714358,"19":0.0},"precision":{"0":0.5,"1":0.5121951103,"2":0.8529411554,"3":0.5,"4":0.6595744491,"5":0.0,"6":0.0,"7":0.0,"8":0.0,"9":0.0,"10":0.71875,"11":0.0,"12":0.0,"13":0.8000000119,"14":0.875,"15":1.0,"16":0.0,"17":0.0,"18":0.8999999762,"19":0.0},"accuracy":{"0":0.3348655701,"1":0.4241116345,"2":0.7302966118,"3":0.4493335187,"4":0.537345171,"5":0.1740819514,"6":0.3829315603,"7":0.171666652,"8":0.6465885639,"9":0.0719498172,"10":0.639247179,"11":0.1182766557,"12":0.1155523211,"13":0.5569099188,"14":0.7660017014,"15":0.6712127924,"16":0.407461822,"17":0.3268148899,"18":0.6235269308,"19":0.5393019319},"auroc":{"0":0.9455928206,"1":0.7575843334,"2":0.9430123568,"3":0.9554598927,"4":0.8620679379,"5":0.7812546492,"6":0.8003332615,"7":0.8824022412,"8":0.9125846624,"9":0.7727879286,"10":0.9210315943,"11":0.8046369553,"12":0.8322832584,"13":0.8391823769,"14":0.9386839271,"15":0.9920666814,"16":0.9226650596,"17":0.9521786571,"18":0.8976397514,"19":0.872576654}}