{"f1":{"0":0.2352941185,"1":0.6092307568,"2":0.6772486567,"3":0.375,"4":0.5816326737,"5":0.0,"6":0.0,"7":0.0,"8":0.0,"9":0.0,"10":0.6545454264,"11":0.0,"12":0.0,"13":0.5368421078,"14":0.7820512652,"15":0.3333333433,"16":0.0,"17":0.1538461596,"18":0.6666666865,"19":0.3855421543},"recall":{"0":0.1333333403,"1":0.6226415038,"2":0.6881720424,"3":0.2608695626,"4":0.5533980727,"5":0.0,"6":0.0,"7":0.0,"8":0.0,"9":0.0,"10":0.6545454264,"11":0.0,"12":0.0,"13":0.3984375,"14":0.655913949,"15":0.200000003,"16":0.0,"17":0.0909090936,"18":0.571428597,"19":0.2424242496},"precision":{"0":1.0,"1":0.5963855386,"2":0.6666666865,"3":0.6666666865,"4":0.6129032373,"5":0.0,"6":0.0,"7":0.0,"8":0.0,"9":0.0,"10":0.6545454264,"11":0.0,"12":0.0,"13":0.8225806355,"14":0.9682539701,"15":1.0,"16":0.0,"17":0.5,"18":0.8000000119,"19":0.9411764741},"accuracy":{"0":0.3865118623,"1":0.6088295579,"2":0.7826783061,"3":0.6812306643,"4":0.670714736,"5":0.075543046,"6":0.5024691224,"7":0.323566258,"8":0.6677110195,"9":0.1084051207,"10":0.6757848263,"11":0.3079330921,"12":0.1598334163,"13":0.6347742081,"14":0.9105322957,"15":0.6013092995,"16":0.6107932329,"17":0.2642357349,"18":0.7854337692,"19":0.7208947539},"auroc":{"0":0.9559731483,"1":0.8597568274,"2":0.9581580162,"3":0.9818890095,"4":0.9114687443,"5":0.719337225,"6":0.7673333287,"7":0.9585024118,"8":0.9124960899,"9":0.832564652,"10":0.9223726988,"11":0.8153214455,"12":0.8913390636,"13":0.8571993113,"14":0.9763182402,"15":0.9894666076,"16":0.9118525386,"17":0.958914876,"18":0.9591200948,"19":0.923751235}}