{"f1":{"0":0.2727272809,"1":0.1758241802,"2":0.5571428537,"3":0.2758620679,"4":0.5363128781,"5":0.0,"6":0.0,"7":0.0,"8":0.0,"9":0.0,"10":0.6306306124,"11":0.0,"12":0.0,"13":0.2133333385,"14":0.8222222328,"15":0.3333333433,"16":0.0,"17":0.0,"18":0.6428571343,"19":0.1917808205},"recall":{"0":0.200000003,"1":0.1006289274,"2":0.4193548262,"3":0.1739130467,"4":0.4660194218,"5":0.0,"6":0.0,"7":0.0,"8":0.0,"9":0.0,"10":0.6363636255,"11":0.0,"12":0.0,"13":0.125,"14":0.7956989408,"15":0.200000003,"16":0.0,"17":0.0,"18":0.5142857432,"19":0.1060606092},"precision":{"0":0.4285714328,"1":0.6956521869,"2":0.8297872543,"3":0.6666666865,"4":0.6315789223,"5":0.0,"6":0.0,"7":0.0,"8":0.0,"9":0.0,"10":0.625,"11":0.0,"12":0.0,"13":0.7272727489,"14":0.8505747318,"15":1.0,"16":0.0,"17":0.0,"18":0.8571428657,"19":1.0},"accuracy":{"0":0.3485344946,"1":0.5146448016,"2":0.7592082024,"3":0.5757056475,"4":0.6674114466,"5":0.0268874131,"6":0.1495531797,"7":0.3785740435,"8":0.4073058963,"9":0.0829650611,"10":0.7053018212,"11":0.28917557,"12":0.1324522197,"13":0.6210305691,"14":0.8854079247,"15":0.5302708149,"16":0.5670359731,"17":0.3750649095,"18":0.7776760459,"19":0.6644967794},"auroc":{"0":0.9420582056,"1":0.8074540496,"2":0.953466773,"3":0.9764320254,"4":0.9091781974,"5":0.7242935896,"6":0.831799984,"7":0.9610154629,"8":0.9296207428,"9":0.8092608452,"10":0.9255834818,"11":0.8484362364,"12":0.8844085932,"13":0.8568718433,"14":0.9679353237,"15":0.9674666524,"16":0.9119040966,"17":0.9496904612,"18":0.9541615248,"19":0.8921382427}}