{"f1":{"0":0.2105263174,"1":0.2099999934,"2":0.4961240292,"3":0.2068965584,"4":0.4133333266,"5":0.0,"6":0.0,"7":0.0,"8":0.0,"9":0.0,"10":0.5287356377,"11":0.0,"12":0.0,"13":0.1159420311,"14":0.5957446694,"15":0.1818181872,"16":0.0,"17":0.0,"18":0.224999994,"19":0.0},"recall":{"0":0.1333333403,"1":0.1320754737,"2":0.3440860212,"3":0.1304347813,"4":0.3009708822,"5":0.0,"6":0.0,"7":0.0,"8":0.0,"9":0.0,"10":0.4181818068,"11":0.0,"12":0.0,"13":0.0625,"14":0.4516128898,"15":0.1000000015,"16":0.0,"17":0.0,"18":0.1285714358,"19":0.0},"precision":{"0":0.5,"1":0.5121951103,"2":0.8888888955,"3":0.5,"4":0.6595744491,"5":0.0,"6":0.0,"7":0.0,"8":0.0,"9":0.0,"10":0.71875,"11":0.0,"12":0.0,"13":0.8000000119,"14":0.875,"15":1.0,"16":0.0,"17":0.0,"18":0.8999999762,"19":0.0},"accuracy":{"0":0.3347328305,"1":0.426977396,"2":0.7501732111,"3":0.4440925717,"4":0.5343394876,"5":0.1741245985,"6":0.3795724809,"7":0.1653428674,"8":0.692132473,"9":0.0737991109,"10":0.6380746365,"11":0.1204308793,"12":0.1161457598,"13":0.5481482744,"14":0.7663940787,"15":0.6712127924,"16":0.4008255005,"17":0.3267644048,"18":0.6219864488,"19":0.5394392014},"auroc":{"0":0.9455928802,"1":0.762293458,"2":0.9470667839,"3":0.9520087242,"4":0.8617502451,"5":0.7822163105,"6":0.8005332947,"7":0.8765384555,"8":0.9381166697,"9":0.7744265795,"10":0.9211347699,"11":0.8023020029,"12":0.8341314793,"13":0.8390464187,"14":0.9388128519,"15":0.9920666218,"16":0.9223561287,"17":0.9521785975,"18":0.8940373063,"19":0.8730459809}}