{"f1":{"0":0.2105263174,"1":0.6276922822,"2":0.6767676473,"3":0.4242424369,"4":0.5685279369,"5":0.0,"6":0.0,"7":0.0,"8":0.5581395626,"9":0.0,"10":0.6796116233,"11":0.0,"12":0.0,"13":0.5595855117,"14":0.7852760553,"15":0.3076923192,"16":0.0,"17":0.1538461596,"18":0.7154471278,"19":0.4047619104},"recall":{"0":0.1333333403,"1":0.6415094137,"2":0.7204301357,"3":0.3043478131,"4":0.5436893106,"5":0.0,"6":0.0,"7":0.0,"8":0.3870967627,"9":0.0,"10":0.6363636255,"11":0.0,"12":0.0,"13":0.421875,"14":0.6881720424,"15":0.200000003,"16":0.0,"17":0.0909090936,"18":0.6285714507,"19":0.2575757504},"precision":{"0":0.5,"1":0.6144578457,"2":0.6380952597,"3":0.6999999881,"4":0.5957446694,"5":0.0,"6":0.0,"7":0.0,"8":1.0,"9":0.0,"10":0.7291666865,"11":0.0,"12":0.0,"13":0.8307692409,"14":0.9142857194,"15":0.6666666865,"16":0.0,"17":0.5,"18":0.8301886916,"19":0.944444418},"accuracy":{"0":0.3687875271,"1":0.6290809512,"2":0.7872398496,"3":0.6692998409,"4":0.6664245129,"5":0.1117714942,"6":0.533742249,"7":0.2872548103,"8":0.8277506828,"9":0.1044816896,"10":0.7184499502,"11":0.282361716,"12":0.1575731486,"13":0.6282072067,"14":0.9007921219,"15":0.592469573,"16":0.6120667458,"17":0.2523363233,"18":0.8010257483,"19":0.7085098028},"auroc":{"0":0.9551230669,"1":0.8654286861,"2":0.9594396353,"3":0.9797946811,"4":0.917579174,"5":0.7368693948,"6":0.7654666901,"7":0.9539273977,"8":0.9802645445,"9":0.8338390589,"10":0.9318890572,"11":0.832775116,"12":0.8837365508,"13":0.8566245437,"14":0.9735535383,"15":0.9900000095,"16":0.9052105546,"17":0.9600073099,"18":0.9658695459,"19":0.9223212004}}