{"f1":{"0":0.2352941185,"1":0.5289855003,"2":0.5917159915,"3":0.2857142985,"4":0.5086705089,"5":0.0,"6":0.0,"7":0.0,"8":0.0,"9":0.0,"10":0.6511628032,"11":0.0,"12":0.0,"13":0.3414634168,"14":0.7133758068,"15":0.1818181872,"16":0.0,"17":0.0,"18":0.5981308222,"19":0.0579710156},"recall":{"0":0.1333333403,"1":0.4591194987,"2":0.5376344323,"3":0.1739130467,"4":0.4271844625,"5":0.0,"6":0.0,"7":0.0,"8":0.0,"9":0.0,"10":0.5090909004,"11":0.0,"12":0.0,"13":0.21875,"14":0.6021505594,"15":0.1000000015,"16":0.0,"17":0.0,"18":0.4571428597,"19":0.0303030312},"precision":{"0":1.0,"1":0.6239316463,"2":0.6578947306,"3":0.8000000119,"4":0.6285714507,"5":0.0,"6":0.0,"7":0.0,"8":0.0,"9":0.0,"10":0.9032257795,"11":0.0,"12":0.0,"13":0.777777791,"14":0.875,"15":1.0,"16":0.0,"17":0.0,"18":0.8648648858,"19":0.6666666865},"accuracy":{"0":0.3604973555,"1":0.5669398904,"2":0.7294257879,"3":0.6732980013,"4":0.6205120087,"5":0.0412760563,"6":0.4140028954,"7":0.3043271899,"8":0.6783475876,"9":0.099812746,"10":0.705437541,"11":0.180805549,"12":0.1583548188,"13":0.5789686441,"14":0.8538074493,"15":0.5364021063,"16":0.5820211172,"17":0.3456704021,"18":0.7684144974,"19":0.6016726494},"auroc":{"0":0.9469798803,"1":0.8402138948,"2":0.9481952786,"3":0.9832752943,"4":0.8992626667,"5":0.7060216069,"6":0.8007999659,"7":0.9519621134,"8":0.9385371208,"9":0.84075737,"10":0.9382978678,"11":0.8485069871,"12":0.8709677458,"13":0.8385952711,"14":0.9614386559,"15":0.9839333296,"16":0.9041293263,"17":0.9657725692,"18":0.9521738887,"19":0.9024648666}}