{"f1":{"0":0.2105263174,"1":0.0,"2":0.4098360538,"3":0.1538461596,"4":0.3358778656,"5":0.0,"6":0.0,"7":0.0,"8":0.0,"9":0.0,"10":0.5,"11":0.0,"12":0.0,"13":0.1312741339,"14":0.5675675869,"15":0.3333333433,"16":0.0,"17":0.0,"18":0.2891566157,"19":0.0},"recall":{"0":0.1333333403,"1":0.0,"2":0.2688172162,"3":0.0869565234,"4":0.2135922313,"5":0.0,"6":0.0,"7":0.0,"8":0.0,"9":0.0,"10":0.3636363745,"11":0.0,"12":0.0,"13":0.1328125,"14":0.4516128898,"15":0.200000003,"16":0.0,"17":0.0,"18":0.1714285761,"19":0.0},"precision":{"0":0.5,"1":0.0,"2":0.8620689511,"3":0.6666666865,"4":0.7857142687,"5":0.0,"6":0.0,"7":0.0,"8":0.0,"9":0.0,"10":0.8000000119,"11":0.0,"12":0.0,"13":0.1297709942,"14":0.7636363506,"15":1.0,"16":0.0,"17":0.0,"18":0.9230769277,"19":0.0},"accuracy":{"0":0.2278952599,"1":0.4079131484,"2":0.4958716631,"3":0.2358250022,"4":0.4542685449,"5":0.0123906173,"6":0.0173124243,"7":0.0494786799,"8":0.0719053,"9":0.0187576264,"10":0.4930301309,"11":0.0470481589,"12":0.0288006514,"13":0.2558914423,"14":0.6389042139,"15":0.2277616858,"16":0.026204627,"17":0.2031657845,"18":0.4260359406,"19":0.2980060577},"auroc":{"0":0.8144966364,"1":0.7672694325,"2":0.7948364615,"3":0.7642617226,"4":0.7582790256,"5":0.4883118868,"6":0.5879999995,"7":0.7282686234,"8":0.7306075692,"9":0.597099185,"10":0.8218697906,"11":0.6143214107,"12":0.649571538,"13":0.6703360081,"14":0.9073204994,"15":0.807133317,"16":0.6562660933,"17":0.724177599,"18":0.81811589,"19":0.8387367725}}