{"f1":{"0":0.200000003,"1":0.2245989293,"2":0.6099290848,"3":0.2758620679,"4":0.5393258333,"5":0.0,"6":0.0,"7":0.0,"8":0.7796609998,"9":0.0,"10":0.6306306124,"11":0.0,"12":0.0,"13":0.2838709652,"14":0.8222222328,"15":0.3333333433,"16":0.0,"17":0.0,"18":0.6306306124,"19":0.1917808205},"recall":{"0":0.1333333403,"1":0.1320754737,"2":0.4623655975,"3":0.1739130467,"4":0.4660194218,"5":0.0,"6":0.0,"7":0.0,"8":0.7419354916,"9":0.0,"10":0.6363636255,"11":0.0,"12":0.0,"13":0.171875,"14":0.7956989408,"15":0.200000003,"16":0.0,"17":0.0,"18":0.5,"19":0.1060606092},"precision":{"0":0.400000006,"1":0.75,"2":0.8958333135,"3":0.6666666865,"4":0.6399999857,"5":0.0,"6":0.0,"7":0.0,"8":0.821428597,"9":0.0,"10":0.625,"11":0.0,"12":0.0,"13":0.814814806,"14":0.8505747318,"15":1.0,"16":0.0,"17":0.0,"18":0.8536585569,"19":1.0},"accuracy":{"0":0.3509475887,"1":0.5542798638,"2":0.7800266743,"3":0.5794495344,"4":0.667538166,"5":0.024889132,"6":0.149450928,"7":0.34830755,"8":0.8493379354,"9":0.076997757,"10":0.7038933635,"11":0.286318481,"12":0.1378477663,"13":0.654517889,"14":0.8868046999,"15":0.5497080088,"16":0.5736587048,"17":0.3750001192,"18":0.7754280567,"19":0.665707767},"auroc":{"0":0.9410290718,"1":0.8266410828,"2":0.9549580216,"3":0.976549983,"4":0.9092594385,"5":0.6996597052,"6":0.834066689,"7":0.958792448,"8":0.9847781062,"9":0.7986406088,"10":0.9238684773,"11":0.839992404,"12":0.885248661,"13":0.8614640832,"14":0.9686365724,"15":0.9649333358,"16":0.9109772444,"17":0.9483553767,"18":0.9538094997,"19":0.8940813541}}