{"f1":{"0":0.2105263174,"1":0.1685393304,"2":0.6266666651,"3":0.3448275924,"4":0.6224489808,"5":0.0,"6":0.0,"7":0.0,"8":0.6382978559,"9":0.0,"10":0.6355140209,"11":0.0,"12":0.0,"13":0.337500006,"14":0.8111110926,"15":0.3333333433,"16":0.0,"17":0.0,"18":0.6181818247,"19":0.4186046422},"recall":{"0":0.1333333403,"1":0.094339624,"2":0.505376339,"3":0.2173912972,"4":0.5922330022,"5":0.0,"6":0.0,"7":0.0,"8":0.4838709533,"9":0.0,"10":0.6181818247,"11":0.0,"12":0.0,"13":0.2109375,"14":0.7849462628,"15":0.200000003,"16":0.0,"17":0.0,"18":0.4857142866,"19":0.2727272809},"precision":{"0":0.5,"1":0.7894737124,"2":0.8245614171,"3":0.8333333135,"4":0.655913949,"5":0.0,"6":0.0,"7":0.0,"8":0.9375,"9":0.0,"10":0.6538461447,"11":0.0,"12":0.0,"13":0.84375,"14":0.8390804529,"15":1.0,"16":0.0,"17":0.0,"18":0.8500000238,"19":0.8999999762},"accuracy":{"0":0.3293879628,"1":0.5993213654,"2":0.7853242159,"3":0.5980080962,"4":0.681140542,"5":0.0535940416,"6":0.194425106,"7":0.455671221,"8":0.8586592078,"9":0.0938728452,"10":0.6856504679,"11":0.3353128433,"12":0.1376185566,"13":0.6605917215,"14":0.8856371641,"15":0.4719588161,"16":0.5418042541,"17":0.3626480699,"18":0.7686112523,"19":0.6946615577},"auroc":{"0":0.9342730045,"1":0.838026762,"2":0.9571343064,"3":0.9818004966,"4":0.9089196324,"5":0.7622429132,"6":0.8525333405,"7":0.9596946239,"8":0.991371274,"9":0.829955101,"10":0.9162992239,"11":0.8537666798,"12":0.8902469873,"13":0.8657473922,"14":0.9690719247,"15":0.9740666151,"16":0.9067037106,"17":0.9388275146,"18":0.9425879717,"19":0.9039385319}}