{"f1":{"0":0.2105263174,"1":0.0,"2":0.400000006,"3":0.1538461596,"4":0.3358778656,"5":0.0,"6":0.0,"7":0.0,"8":0.0,"9":0.0,"10":0.4938271642,"11":0.0,"12":0.0,"13":0.1307692379,"14":0.5675675869,"15":0.3333333433,"16":0.0,"17":0.0,"18":0.2891566157,"19":0.0},"recall":{"0":0.1333333403,"1":0.0,"2":0.2580645084,"3":0.0869565234,"4":0.2135922313,"5":0.0,"6":0.0,"7":0.0,"8":0.0,"9":0.0,"10":0.3636363745,"11":0.0,"12":0.0,"13":0.1328125,"14":0.4516128898,"15":0.200000003,"16":0.0,"17":0.0,"18":0.1714285761,"19":0.0},"precision":{"0":0.5,"1":0.0,"2":0.8888888955,"3":0.6666666865,"4":0.7857142687,"5":0.0,"6":0.0,"7":0.0,"8":0.0,"9":0.0,"10":0.769230783,"11":0.0,"12":0.0,"13":0.1287878752,"14":0.7636363506,"15":1.0,"16":0.0,"17":0.0,"18":0.9230769277,"19":0.0},"accuracy":{"0":0.2273085862,"1":0.4115673602,"2":0.4963546693,"3":0.2358470112,"4":0.4552764893,"5":0.0122393761,"6":0.0173029453,"7":0.0473759323,"8":0.1665032208,"9":0.0191142466,"10":0.4891128838,"11":0.0460580178,"12":0.0282687321,"13":0.241522193,"14":0.6382055283,"15":0.227226153,"16":0.0257620886,"17":0.2030494809,"18":0.4267783165,"19":0.3056221604},"auroc":{"0":0.81163311,"1":0.7692629099,"2":0.7946430445,"3":0.7633178234,"4":0.7565796375,"5":0.4838733673,"6":0.5899333358,"7":0.7172820568,"8":0.7416699529,"9":0.6021361947,"10":0.8196389675,"11":0.6070097685,"12":0.6429771185,"13":0.664519906,"14":0.9057890177,"15":0.8029999733,"16":0.6518896222,"17":0.7224783897,"18":0.8191407919,"19":0.8375797272}}