{"f1":{"0":0.2105263174,"1":0.2099999934,"2":0.4639999866,"3":0.2068965584,"4":0.4133333266,"5":0.0,"6":0.0,"7":0.0,"8":0.0,"9":0.0,"10":0.5287356377,"11":0.0,"12":0.0,"13":0.1294963956,"14":0.5957446694,"15":0.1818181872,"16":0.0,"17":0.0,"18":0.224999994,"19":0.0},"recall":{"0":0.1333333403,"1":0.1320754737,"2":0.3118279576,"3":0.1304347813,"4":0.3009708822,"5":0.0,"6":0.0,"7":0.0,"8":0.0,"9":0.0,"10":0.4181818068,"11":0.0,"12":0.0,"13":0.0703125,"14":0.4516128898,"15":0.1000000015,"16":0.0,"17":0.0,"18":0.1285714358,"19":0.0},"precision":{"0":0.5,"1":0.5121951103,"2":0.90625,"3":0.5,"4":0.6595744491,"5":0.0,"6":0.0,"7":0.0,"8":0.0,"9":0.0,"10":0.71875,"11":0.0,"12":0.0,"13":0.8181818128,"14":0.875,"15":1.0,"16":0.0,"17":0.0,"18":0.8999999762,"19":0.0},"accuracy":{"0":0.3349545598,"1":0.4235239923,"2":0.7464866638,"3":0.4481475651,"4":0.5367267728,"5":0.1741186976,"6":0.3859738708,"7":0.1660630703,"8":0.5562884808,"9":0.0736012533,"10":0.6376802325,"11":0.1224870384,"12":0.1154154986,"13":0.5547634959,"14":0.7663458586,"15":0.6712127924,"16":0.4122290015,"17":0.3258242607,"18":0.6218785048,"19":0.5389897227},"auroc":{"0":0.9452348948,"1":0.7580552101,"2":0.9441568851,"3":0.9530707002,"4":0.8631245494,"5":0.7822163701,"6":0.8055999875,"7":0.8779238462,"8":0.8588433266,"9":0.7789173126,"10":0.9207092524,"11":0.8070427775,"12":0.8328292966,"13":0.8406225443,"14":0.9385871887,"15":0.9920666814,"16":0.9224075675,"17":0.9519359469,"18":0.8955693841,"19":0.8716706038}}