{"f1":{"0":0.2222222239,"1":0.6306306124,"2":0.6808510423,"3":0.375,"4":0.5816326737,"5":0.0,"6":0.0,"7":0.0,"8":0.6222222447,"9":0.0,"10":0.6545454264,"11":0.0,"12":0.0,"13":0.5578947663,"14":0.7820512652,"15":0.3333333433,"16":0.0,"17":0.1538461596,"18":0.6722689271,"19":0.3855421543},"recall":{"0":0.1333333403,"1":0.6603773832,"2":0.6881720424,"3":0.2608695626,"4":0.5533980727,"5":0.0,"6":0.0,"7":0.0,"8":0.4516128898,"9":0.0,"10":0.6545454264,"11":0.0,"12":0.0,"13":0.4140625,"14":0.655913949,"15":0.200000003,"16":0.0,"17":0.0909090936,"18":0.571428597,"19":0.2424242496},"precision":{"0":0.6666666865,"1":0.6034482718,"2":0.6736842394,"3":0.6666666865,"4":0.6129032373,"5":0.0,"6":0.0,"7":0.0,"8":1.0,"9":0.0,"10":0.6545454264,"11":0.0,"12":0.0,"13":0.8548387289,"14":0.9682539701,"15":1.0,"16":0.0,"17":0.5,"18":0.8163265586,"19":0.9411764741},"accuracy":{"0":0.3852398694,"1":0.6288888454,"2":0.8055036068,"3":0.6767703295,"4":0.6709510088,"5":0.0753635392,"6":0.4997786283,"7":0.3158586621,"8":0.8842505813,"9":0.0840640441,"10":0.6725475788,"11":0.3112016618,"12":0.1597567499,"13":0.6500447989,"14":0.9105352163,"15":0.6059360504,"16":0.6108506322,"17":0.2653640807,"18":0.7901667953,"19":0.7208437324},"auroc":{"0":0.954451859,"1":0.8695517778,"2":0.9609389305,"3":0.9821839333,"4":0.9109219909,"5":0.7169699669,"6":0.7636666298,"7":0.9577615261,"8":0.9842028022,"9":0.8241898417,"10":0.9223210812,"11":0.8210292459,"12":0.889490962,"13":0.8599869013,"14":0.9762458205,"15":0.9896666408,"16":0.9108742476,"17":0.9596431255,"18":0.9600102901,"19":0.9233691692}}