{"f1":{"0":0.2105263174,"1":0.2099999934,"2":0.552238822,"3":0.2142857164,"4":0.4133333266,"5":0.0,"6":0.0,"7":0.0,"8":0.0,"9":0.0,"10":0.5287356377,"11":0.0,"12":0.0,"13":0.1805555522,"14":0.5957446694,"15":0.1818181872,"16":0.0,"17":0.0,"18":0.224999994,"19":0.0},"recall":{"0":0.1333333403,"1":0.1320754737,"2":0.3978494704,"3":0.1304347813,"4":0.3009708822,"5":0.0,"6":0.0,"7":0.0,"8":0.0,"9":0.0,"10":0.4181818068,"11":0.0,"12":0.0,"13":0.1015625,"14":0.4516128898,"15":0.1000000015,"16":0.0,"17":0.0,"18":0.1285714358,"19":0.0},"precision":{"0":0.5,"1":0.5121951103,"2":0.9024389982,"3":0.6000000238,"4":0.6595744491,"5":0.0,"6":0.0,"7":0.0,"8":0.0,"9":0.0,"10":0.71875,"11":0.0,"12":0.0,"13":0.8125,"14":0.875,"15":1.0,"16":0.0,"17":0.0,"18":0.8999999762,"19":0.0},"accuracy":{"0":0.3301822543,"1":0.433101356,"2":0.7523893118,"3":0.4455552101,"4":0.537733674,"5":0.2295771241,"6":0.3776725531,"7":0.1804981679,"8":0.7770015001,"9":0.0741042867,"10":0.6469839811,"11":0.1209822297,"12":0.1252761185,"13":0.5612556934,"14":0.7635963559,"15":0.6712127924,"16":0.4105607271,"17":0.3406512737,"18":0.6242582202,"19":0.5392638445},"auroc":{"0":0.9455928802,"1":0.7701053619,"2":0.9472441077,"3":0.9529821277,"4":0.8642033339,"5":0.7818464637,"6":0.7965333462,"7":0.8831432462,"8":0.9682729244,"9":0.7746086121,"10":0.9223082066,"11":0.8039058447,"12":0.8342573643,"13":0.8408389091,"14":0.9373217225,"15":0.9920666814,"16":0.9237462878,"17":0.9525427818,"18":0.8963249922,"19":0.872718513}}