{"f1":{"0":0.3000000119,"1":0.1988950223,"2":0.6399999857,"3":0.2758620679,"4":0.5945945978,"5":0.0,"6":0.0,"7":0.0,"8":0.7083333135,"9":0.0,"10":0.637168169,"11":0.0,"12":0.0,"13":0.2763157785,"14":0.7771428823,"15":0.3076923192,"16":0.0,"17":0.0,"18":0.6491228342,"19":0.436781615},"recall":{"0":0.200000003,"1":0.1132075489,"2":0.5161290169,"3":0.1739130467,"4":0.533980608,"5":0.0,"6":0.0,"7":0.0,"8":0.5483871102,"9":0.0,"10":0.6545454264,"11":0.0,"12":0.0,"13":0.1640625,"14":0.7311828136,"15":0.200000003,"16":0.0,"17":0.0,"18":0.5285714269,"19":0.2878787816},"precision":{"0":0.6000000238,"1":0.8181818128,"2":0.8421052694,"3":0.6666666865,"4":0.6707317233,"5":0.0,"6":0.0,"7":0.0,"8":1.0,"9":0.0,"10":0.6206896305,"11":0.0,"12":0.0,"13":0.875,"14":0.8292682767,"15":0.6666666865,"16":0.0,"17":0.0,"18":0.8409090638,"19":0.9047619104},"accuracy":{"0":0.3580469191,"1":0.5825240016,"2":0.8040368557,"3":0.5688613057,"4":0.6889111996,"5":0.065719597,"6":0.1444017589,"7":0.380444169,"8":0.8558588028,"9":0.087667644,"10":0.6815475225,"11":0.2412338555,"12":0.1285141706,"13":0.6459989548,"14":0.8703490496,"15":0.5135731697,"16":0.5295463204,"17":0.370531708,"18":0.7673742771,"19":0.6935433745},"auroc":{"0":0.9461745024,"1":0.8357925415,"2":0.9583514929,"3":0.9792637229,"4":0.9081807733,"5":0.7828820944,"6":0.8431999683,"7":0.9582448006,"8":0.9843356013,"9":0.7832261324,"10":0.9314377308,"11":0.8286947608,"12":0.8911710382,"13":0.861538291,"14":0.9703454971,"15":0.9798666239,"16":0.9026876688,"17":0.9530282617,"18":0.9481987953,"19":0.9137629867}}