{"f1":{"0":0.2105263174,"1":0.0,"2":0.4193548262,"3":0.1538461596,"4":0.3358778656,"5":0.0,"6":0.0,"7":0.0,"8":0.0625,"9":0.0,"10":0.4938271642,"11":0.0,"12":0.0,"13":0.1526717544,"14":0.5675675869,"15":0.3333333433,"16":0.0,"17":0.0,"18":0.2891566157,"19":0.0},"recall":{"0":0.1333333403,"1":0.0,"2":0.2795698941,"3":0.0869565234,"4":0.2135922313,"5":0.0,"6":0.0,"7":0.0,"8":0.0322580636,"9":0.0,"10":0.3636363745,"11":0.0,"12":0.0,"13":0.15625,"14":0.4516128898,"15":0.200000003,"16":0.0,"17":0.0,"18":0.1714285761,"19":0.0},"precision":{"0":0.5,"1":0.0,"2":0.8387096524,"3":0.6666666865,"4":0.7857142687,"5":0.0,"6":0.0,"7":0.0,"8":1.0,"9":0.0,"10":0.769230783,"11":0.0,"12":0.0,"13":0.149253726,"14":0.7636363506,"15":1.0,"16":0.0,"17":0.0,"18":0.9230769277,"19":0.0},"accuracy":{"0":0.2277980149,"1":0.4077205658,"2":0.5086134672,"3":0.2351578325,"4":0.4504992962,"5":0.0122464448,"6":0.0169798527,"7":0.0478776321,"8":0.1054787561,"9":0.0196674839,"10":0.4894445539,"11":0.0460196994,"12":0.0284868851,"13":0.2777762413,"14":0.6382493377,"15":0.2275207639,"16":0.0259439088,"17":0.2028987557,"18":0.4278022051,"19":0.300047189},"auroc":{"0":0.8136017919,"1":0.7668142319,"2":0.8012607098,"3":0.7589817047,"4":0.7573184967,"5":0.4836514294,"6":0.5827999711,"7":0.7201172113,"8":0.7420018315,"9":0.6089937687,"10":0.8216634393,"11":0.605830431,"12":0.6454132795,"13":0.6747861505,"14":0.9065870047,"15":0.8046666384,"16":0.6538976431,"17":0.7202937603,"18":0.8196066618,"19":0.8376888037}}