{"f1":{"0":0.2105263174,"1":0.6234567761,"2":0.6733668447,"3":0.4242424369,"4":0.5685279369,"5":0.0,"6":0.0,"7":0.0,"8":0.4102564156,"9":0.0,"10":0.6796116233,"11":0.0,"12":0.0,"13":0.5595855117,"14":0.7852760553,"15":0.3076923192,"16":0.0,"17":0.1538461596,"18":0.72131145,"19":0.4047619104},"recall":{"0":0.1333333403,"1":0.6352201104,"2":0.7204301357,"3":0.3043478131,"4":0.5436893106,"5":0.0,"6":0.0,"7":0.0,"8":0.2580645084,"9":0.0,"10":0.6363636255,"11":0.0,"12":0.0,"13":0.421875,"14":0.6881720424,"15":0.200000003,"16":0.0,"17":0.0909090936,"18":0.6285714507,"19":0.2575757504},"precision":{"0":0.5,"1":0.6121212244,"2":0.6320754886,"3":0.6999999881,"4":0.5957446694,"5":0.0,"6":0.0,"7":0.0,"8":1.0,"9":0.0,"10":0.7291666865,"11":0.0,"12":0.0,"13":0.8307692409,"14":0.9142857194,"15":0.6666666865,"16":0.0,"17":0.5,"18":0.8461538553,"19":0.944444418},"accuracy":{"0":0.3646514416,"1":0.6246402264,"2":0.7849370241,"3":0.6702404022,"4":0.6677621007,"5":0.110970974,"6":0.5218330026,"7":0.293969363,"8":0.7464333773,"9":0.1054128334,"10":0.7185869813,"11":0.2819414139,"12":0.1572036445,"13":0.6247224212,"14":0.9002999663,"15":0.6058028936,"16":0.6120424271,"17":0.2507820427,"18":0.8053177595,"19":0.7084463239},"auroc":{"0":0.9558836222,"1":0.8633304834,"2":0.9595444202,"3":0.979824245,"4":0.9161975384,"5":0.7372392416,"6":0.7651333213,"7":0.9541852474,"8":0.9611487389,"9":0.8340211511,"10":0.932056725,"11":0.8383649588,"12":0.8838205338,"13":0.8572055101,"14":0.9730618596,"15":0.9900666475,"16":0.9055195451,"17":0.9594610333,"18":0.9678571224,"19":0.9220701456}}