{"f1":{"0":0.2352941185,"1":0.6177369952,"2":0.6701570749,"3":0.4242424369,"4":0.5816326737,"5":0.0,"6":0.0,"7":0.0,"8":0.0,"9":0.0,"10":0.6545454264,"11":0.0,"12":0.0,"13":0.5445026159,"14":0.7820512652,"15":0.3333333433,"16":0.0,"17":0.1538461596,"18":0.6666666865,"19":0.3855421543},"recall":{"0":0.1333333403,"1":0.6352201104,"2":0.6881720424,"3":0.3043478131,"4":0.5533980727,"5":0.0,"6":0.0,"7":0.0,"8":0.0,"9":0.0,"10":0.6545454264,"11":0.0,"12":0.0,"13":0.40625,"14":0.655913949,"15":0.200000003,"16":0.0,"17":0.0909090936,"18":0.571428597,"19":0.2424242496},"precision":{"0":1.0,"1":0.6011904478,"2":0.6530612111,"3":0.6999999881,"4":0.6129032373,"5":0.0,"6":0.0,"7":0.0,"8":0.0,"9":0.0,"10":0.6545454264,"11":0.0,"12":0.0,"13":0.8253968358,"14":0.9682539701,"15":1.0,"16":0.0,"17":0.5,"18":0.8000000119,"19":0.9411764741},"accuracy":{"0":0.3932824731,"1":0.6113733053,"2":0.7779929638,"3":0.677595675,"4":0.6679805517,"5":0.0754242912,"6":0.494084388,"7":0.3308822811,"8":0.6768593192,"9":0.1023745462,"10":0.676007092,"11":0.3059648573,"12":0.159532249,"13":0.6386432648,"14":0.9095926881,"15":0.6013092995,"16":0.6108444929,"17":0.2631354928,"18":0.7872374654,"19":0.7207801342},"auroc":{"0":0.9566442966,"1":0.8615201116,"2":0.9575535059,"3":0.9820069671,"4":0.9102274179,"5":0.7187454104,"6":0.7658666968,"7":0.9589535594,"8":0.9216558337,"9":0.8310474753,"10":0.9228239655,"11":0.8192603588,"12":0.8910030723,"13":0.8577061296,"14":0.9758669138,"15":0.9894666672,"16":0.9122129679,"17":0.9589149356,"18":0.9596583843,"19":0.9233691692}}