{"f1":{"0":0.2105263174,"1":0.619195044,"2":0.6767676473,"3":0.4242424369,"4":0.5829145908,"5":0.0,"6":0.0,"7":0.0,"8":0.0,"9":0.0,"10":0.6796116233,"11":0.0,"12":0.0,"13":0.5595855117,"14":0.7852760553,"15":0.3076923192,"16":0.0,"17":0.1538461596,"18":0.7154471278,"19":0.4047619104},"recall":{"0":0.1333333403,"1":0.6289308071,"2":0.7204301357,"3":0.3043478131,"4":0.5631067753,"5":0.0,"6":0.0,"7":0.0,"8":0.0,"9":0.0,"10":0.6363636255,"11":0.0,"12":0.0,"13":0.421875,"14":0.6881720424,"15":0.200000003,"16":0.0,"17":0.0909090936,"18":0.6285714507,"19":0.2575757504},"precision":{"0":0.5,"1":0.6097561121,"2":0.6380952597,"3":0.6999999881,"4":0.6041666865,"5":0.0,"6":0.0,"7":0.0,"8":0.0,"9":0.0,"10":0.7291666865,"11":0.0,"12":0.0,"13":0.8307692409,"14":0.9142857194,"15":0.6666666865,"16":0.0,"17":0.5,"18":0.8301886916,"19":0.944444418},"accuracy":{"0":0.3631193638,"1":0.6240950823,"2":0.7946488857,"3":0.6658104658,"4":0.6698215604,"5":0.1110017672,"6":0.5303168297,"7":0.2890730202,"8":0.6825459599,"9":0.1095904931,"10":0.7178298235,"11":0.2829687595,"12":0.1572518051,"13":0.625669837,"14":0.901232779,"15":0.5906983614,"16":0.6115481853,"17":0.2507393062,"18":0.8077642918,"19":0.7082887292},"auroc":{"0":0.955704689,"1":0.8627026081,"2":0.9610517025,"3":0.9795587063,"4":0.916677773,"5":0.7385708094,"6":0.7671333551,"7":0.9542173743,"8":0.9276074171,"9":0.8424565792,"10":0.9318891168,"11":0.8392848969,"12":0.8836525679,"13":0.8563464284,"14":0.9736019373,"15":0.9896666408,"16":0.9054165483,"17":0.9595218301,"18":0.9689959288,"19":0.9216771126}}